adviser_id,first_name,surname,region_key,region_label,office,years_at_maximus,specialisms,languages,caseload_current,customer_satisfaction,is_active
ADV-0001,Bibi,Okafor,wales,Wales,LL11,3.7,Health/care;Mental health,English,59,3.56,true
ADV-0002,Lola,Akin,derbyshire-notts,Derbyshire & Nottinghamshire,NG1,6.0,Hospitality;Refugee;Tech/digital,Punjabi,45,4.54,true
ADV-0003,Megan,Mensah,south-east-london,South & East London,E6,10.1,Tech/digital;Mental health;Returners,Somali;Romanian;Punjabi,66,4.57,true
ADV-0004,Maria,Lewis,south-east-london,South & East London,SE1,5.0,Construction;Health/care;Warehouse/logistics,Somali;Yoruba;Polish,58,4.2,true
ADV-0005,Folake,Adekoya,south-yorkshire,South & West Yorkshire,S1,3.4,Tech/digital;Returners,Urdu;Somali,64,4.4,true
ADV-0006,Joy,Walker,south-east-london,South & East London,SE1,13.4,Refugee;Construction,English,38,4.67,true
ADV-0007,Folake,Davies,south-east-london,South & East London,E2,2.7,Disability;Returners,Welsh,42,3.66,true
ADV-0008,Joshua,Knight,south-yorkshire,South & West Yorkshire,S1,4.0,Refugee;Tech/digital;Mental health,Urdu;Somali;English,34,3.72,true
ADV-0009,Mohammed,Patel,south-yorkshire,South & West Yorkshire,DN4,7.4,Warehouse/logistics;Returners;Hospitality,Tigrinya,35,4.77,true
ADV-0010,Femi,Lewis,south-east-london,South & East London,E6,4.2,Health/care;Disability;Warehouse/logistics,Somali,50,3.53,true
ADV-0011,Olu,Ali,south-yorkshire,South & West Yorkshire,DN4,13.5,Construction;Mental health,Yoruba;English,63,4.11,true
ADV-0012,Tia,Hussain,derbyshire-notts,Derbyshire & Nottinghamshire,DE22,4.7,Older workers;Mental health;Returners,Somali,77,4.49,true
ADV-0013,Joel,Akin,south-east-london,South & East London,SE1,6.4,Health/care;Construction;Hospitality,Yoruba;Bengali,70,4.57,true
ADV-0014,Joshua,Ahmed,south-east-london,South & East London,SE15,11.7,Warehouse/logistics;Mental health;Refugee,Bengali;Polish,44,4.55,true
ADV-0015,Junior,Patel,south-east-london,South & East London,E20,5.0,Health/care;Warehouse/logistics;Disability,Tigrinya,51,4.08,true
ADV-0016,Bilal,Hollis,north-london,North & West London,NW1,6.8,Health/care;Construction;Hospitality,Tigrinya;Punjabi,45,3.71,true
ADV-0017,Femi,Walker,south-east-london,South & East London,E3,8.2,Mental health;Construction,Urdu;Punjabi,51,4.26,true
ADV-0018,Naomi,Hussain,south-east-london,South & East London,E20,14.5,Tech/digital;Returners,Urdu;Polish;Punjabi,44,4.46,true
ADV-0019,Aaron,Okafor,wales,Wales,LL57,5.1,Refugee;Mental health,Tigrinya;English;Welsh,34,4.86,true
ADV-0020,Aiden,Davies,south-yorkshire,South & West Yorkshire,S1,4.1,Disability;Tech/digital,Tigrinya,75,4.2,true
ADV-0021,Priya,Walker,north-london,North & West London,N1,2.4,Returners;Tech/digital;Mental health,Urdu;Romanian;Yoruba,58,4.0,true
ADV-0022,Reece,Mahmood,north-london,North & West London,N1,8.2,Returners;Mental health,Romanian;Bengali;Welsh,40,4.19,true
ADV-0023,Bibi,Adekoya,derbyshire-notts,Derbyshire & Nottinghamshire,NG1,9.2,Refugee;Construction,Tigrinya,49,4.39,true
ADV-0024,Aisha,Williams,north-london,North & West London,NW10,2.4,Health/care;Warehouse/logistics,Somali;Yoruba,47,4.61,true
ADV-0025,Bibi,Taylor,derbyshire-notts,Derbyshire & Nottinghamshire,NG1,4.7,Construction;Older workers,Tigrinya,45,4.36,true
ADV-0026,Kelly,Evans,wales,Wales,LL57,6.0,Construction;Returners;Warehouse/logistics,Tigrinya;Urdu;Yoruba,49,4.24,true
ADV-0027,Tamika,Taylor,south-yorkshire,South & West Yorkshire,S6,4.0,Hospitality;Returners,Romanian,59,3.55,true
ADV-0028,Femi,Akin,north-london,North & West London,N17,7.8,Returners;Older workers,English;Yoruba,36,4.36,true
ADV-0029,Folake,Mensah,south-east-london,South & East London,E15,6.3,Refugee;Health/care;Warehouse/logistics,Polish,69,3.78,true
ADV-0030,Bibi,Khan,south-east-london,South & East London,E15,9.1,Mental health;Health/care,Polish;Yoruba;Punjabi,32,3.8,true
ADV-0031,Naomi,Ahmed,north-london,North & West London,NW3,10.8,Refugee;Disability;Warehouse/logistics,Romanian,78,4.01,true
ADV-0032,Ruth,Ali,south-east-london,South & East London,SE15,9.8,Mental health;Older workers;Construction,Welsh,34,4.22,true
ADV-0033,Damian,Adekoya,wales,Wales,CF24,6.1,Warehouse/logistics;Hospitality,Tigrinya,54,3.69,true
ADV-0034,Daniel,Carter,south-yorkshire,South & West Yorkshire,S10,7.6,Older workers;Refugee,Tigrinya;Punjabi,73,4.38,true
ADV-0035,Marcus,Roberts,north-london,North & West London,HA1,9.2,Returners;Tech/digital;Warehouse/logistics,Urdu;Tigrinya,45,3.49,true
ADV-0036,Liam,Lewis,south-east-london,South & East London,SE15,8.6,Warehouse/logistics;Returners,Welsh,59,4.69,true
ADV-0037,Joshua,Hussain,derbyshire-notts,Derbyshire & Nottinghamshire,DE22,3.0,Returners;Mental health,English,58,4.86,true
ADV-0038,Ruth,Jones,wales,Wales,CF10,11.3,Tech/digital;Returners,Punjabi;English;Polish,39,4.07,true
ADV-0039,Liam,Okafor,south-east-london,South & East London,E2,13.4,Hospitality;Warehouse/logistics;Disability,Bengali;Urdu;Romanian,40,4.33,true
ADV-0040,Damian,Walker,south-east-london,South & East London,SE10,4.9,Hospitality;Older workers;Refugee,Bengali,32,3.76,true
ADV-0041,Leah,Adekoya,south-east-london,South & East London,E15,9.4,Hospitality;Disability;Warehouse/logistics,Welsh;Yoruba,70,4.04,true
ADV-0042,Tom,Singh,south-yorkshire,South & West Yorkshire,LS9,8.4,Construction;Warehouse/logistics,Romanian,45,4.34,true
ADV-0043,Damian,Hussain,south-east-london,South & East London,SE15,5.9,Returners;Refugee,English,78,4.6,true
ADV-0044,Sean,Brown,north-london,North & West London,N17,10.1,Health/care;Disability,Bengali;Punjabi;Romanian,44,4.74,true
ADV-0045,Nasir,Mensah,wales,Wales,LL11,9.4,Older workers;Disability,Welsh;Polish,55,3.81,true
ADV-0046,Faye,Evans,north-london,North & West London,N1,4.6,Older workers;Refugee;Tech/digital,Welsh,53,4.67,true
ADV-0047,Sophie,Mahmood,wales,Wales,CF24,10.6,Tech/digital;Disability,Welsh;Romanian,32,3.78,true
ADV-0048,Tamika,Walker,derbyshire-notts,Derbyshire & Nottinghamshire,NG7,13.4,Disability;Health/care;Returners,English;Polish;Somali,45,4.14,true
ADV-0049,Megan,Khan,south-yorkshire,South & West Yorkshire,S1,3.5,Construction;Tech/digital;Health/care,Punjabi,71,4.29,true
ADV-0050,Joshua,Adekoya,south-east-london,South & East London,E2,3.5,Warehouse/logistics;Tech/digital,Romanian,78,4.21,true
ADV-0051,Bibi,Davies,south-yorkshire,South & West Yorkshire,S1,13.1,Returners;Health/care;Mental health,Punjabi,66,3.59,true
ADV-0052,Bibi,Evans,wales,Wales,CF10,7.7,Health/care;Refugee,Welsh,64,4.3,true
ADV-0053,Ibrahim,Okafor,north-london,North & West London,NW1,12.9,Returners;Mental health;Construction,English,60,4.12,true
ADV-0054,Tyrese,Jones,south-east-london,South & East London,E6,2.9,Older workers;Refugee;Tech/digital,Romanian,72,3.78,true
ADV-0055,Joy,Okafor,wales,Wales,SA1,9.8,Mental health;Returners;Tech/digital,Tigrinya;Bengali;Urdu,35,4.45,true
ADV-0056,Marcus,Bailey,derbyshire-notts,Derbyshire & Nottinghamshire,S81,14.8,Construction;Disability;Older workers,Romanian,34,3.73,true
ADV-0057,Nasir,Akin,south-east-london,South & East London,SE1,9.4,Warehouse/logistics;Mental health;Disability,Tigrinya,69,4.47,true
ADV-0058,Liam,O'Connor,derbyshire-notts,Derbyshire & Nottinghamshire,S40,8.9,Refugee;Returners;Mental health,Polish;Yoruba;Somali,59,4.5,true
ADV-0059,Joshua,Murphy,south-east-london,South & East London,E6,6.2,Construction;Health/care,Somali;Tigrinya;Urdu,37,3.98,true
ADV-0060,Liam,Jones,derbyshire-notts,Derbyshire & Nottinghamshire,DE1,13.7,Hospitality;Disability,Somali;Bengali;English,41,4.43,true
ADV-0061,Sean,Khan,south-east-london,South & East London,SE15,14.8,Health/care;Construction,English;Somali,71,4.01,true
ADV-0062,Faye,Knight,south-east-london,South & East London,E3,7.1,Warehouse/logistics;Tech/digital,English,33,4.45,true
ADV-0063,Bibi,Iwobi,wales,Wales,CF10,8.9,Health/care;Older workers;Warehouse/logistics,Somali,45,4.47,true
ADV-0064,Aaron,Davies,wales,Wales,CF24,13.0,Construction;Health/care,English,55,4.37,true
ADV-0065,Halima,Singh,south-east-london,South & East London,E15,7.6,Warehouse/logistics;Disability;Returners,English;Welsh;Polish,57,3.89,true
ADV-0066,Sean,Hollis,south-east-london,South & East London,E6,8.0,Tech/digital;Disability,Somali;Punjabi,44,4.01,true
ADV-0067,Liam,Mensah,wales,Wales,CF24,7.1,Returners;Disability,Urdu,63,4.57,true
ADV-0068,Bilal,Brown,south-east-london,South & East London,E20,7.2,Tech/digital;Refugee,Urdu,63,4.68,true
ADV-0069,Joel,Mahmood,south-yorkshire,South & West Yorkshire,S60,7.4,Hospitality;Construction;Returners,English;Bengali;Polish,74,4.36,true
ADV-0070,Faye,Evans,south-east-london,South & East London,SE1,5.3,Construction;Hospitality,Polish;Punjabi,34,4.53,true
ADV-0071,Ruth,Davies,derbyshire-notts,Derbyshire & Nottinghamshire,NG7,4.8,Mental health;Refugee,Punjabi;Welsh,37,4.74,true
ADV-0072,Joshua,Lewis,south-east-london,South & East London,SE10,8.1,Tech/digital;Disability;Older workers,Punjabi;Bengali,32,4.77,true
ADV-0073,Aiden,Iwobi,north-london,North & West London,HA1,7.0,Mental health;Health/care,Punjabi;Urdu,43,4.62,true
ADV-0074,Amina,Mensah,south-yorkshire,South & West Yorkshire,S10,8.2,Warehouse/logistics;Older workers,Yoruba,53,4.39,true
ADV-0075,Ashley,Singh,derbyshire-notts,Derbyshire & Nottinghamshire,DE22,7.1,Hospitality;Disability,Urdu,53,3.74,true
ADV-0076,Reece,Lewis,south-yorkshire,South & West Yorkshire,S60,12.4,Warehouse/logistics;Disability,Welsh,66,4.28,true
ADV-0077,Nasir,Lewis,south-east-london,South & East London,E13,15.0,Hospitality;Mental health,Punjabi,35,4.04,true
ADV-0078,Reece,Williams,wales,Wales,NP19,2.7,Hospitality;Mental health;Older workers,Urdu,34,3.98,true
ADV-0079,Ellie,Bailey,wales,Wales,NP20,15.5,Hospitality;Disability,Yoruba;Tigrinya,35,3.78,true
ADV-0080,Ashley,Hollis,south-yorkshire,South & West Yorkshire,S60,14.9,Disability;Mental health,Yoruba;Tigrinya,68,3.67,true
ADV-0081,Aaron,Mahmood,south-yorkshire,South & West Yorkshire,WF1,7.7,Construction;Tech/digital;Returners,Welsh;Punjabi;Yoruba,78,4.51,true
ADV-0082,Daniel,Iwobi,south-yorkshire,South & West Yorkshire,S10,6.3,Tech/digital;Returners;Health/care,Yoruba;Polish,41,4.08,true
ADV-0083,Bilal,Williams,south-yorkshire,South & West Yorkshire,S60,5.0,Disability;Mental health,Tigrinya;English,53,4.14,true
ADV-0084,Bilal,Davies,south-east-london,South & East London,SE10,2.0,Refugee;Older workers;Warehouse/logistics,Urdu,44,3.48,true
ADV-0085,Yvonne,Walker,south-east-london,South & East London,E2,9.2,Older workers;Returners;Health/care,Polish,62,4.17,true
ADV-0086,Ashley,Evans,south-east-london,South & East London,E3,13.2,Hospitality;Disability;Construction,Welsh;Urdu,53,4.51,true
ADV-0087,Kwame,Ali,south-east-london,South & East London,E15,9.3,Disability;Returners,English;Polish,46,4.67,true
ADV-0088,Chantelle,Taylor,north-london,North & West London,NW10,9.7,Disability;Health/care,English,74,4.78,true
ADV-0089,Dylan,O'Connor,south-east-london,South & East London,SE15,10.4,Refugee;Health/care,Romanian;Welsh;Polish,75,4.41,true
ADV-0090,Amina,Brown,south-east-london,South & East London,E20,12.8,Older workers;Mental health,Polish,51,4.4,true
ADV-0091,Nasir,Evans,derbyshire-notts,Derbyshire & Nottinghamshire,NG7,13.4,Mental health;Older workers;Refugee,Urdu,33,4.28,true
ADV-0092,Yvonne,Lewis,north-london,North & West London,NW10,9.1,Refugee;Construction,Bengali;Polish,36,4.56,true
ADV-0093,Kwame,Carter,south-yorkshire,South & West Yorkshire,DN1,9.8,Refugee;Hospitality;Older workers,Tigrinya;Urdu;Punjabi,46,4.38,true
ADV-0094,Kelly,Begum,north-london,North & West London,HA1,10.0,Refugee;Warehouse/logistics,Urdu,49,4.49,true
ADV-0095,Nasir,Patel,wales,Wales,LL57,8.9,Warehouse/logistics;Tech/digital,Welsh;Yoruba;Romanian,40,4.2,true
ADV-0096,Ibrahim,Begum,wales,Wales,CF24,13.5,Refugee;Warehouse/logistics,Urdu;Punjabi;Bengali,38,4.6,true
ADV-0097,Reece,Evans,north-london,North & West London,N17,6.2,Older workers;Warehouse/logistics;Tech/digital,Somali;Romanian;English,69,4.23,true
ADV-0098,Joy,Mensah,wales,Wales,NP20,3.4,Returners;Construction;Health/care,Somali;Polish;Punjabi,39,4.43,true
ADV-0099,Megan,Ahmed,south-yorkshire,South & West Yorkshire,S1,2.2,Mental health;Refugee,Romanian;English;Punjabi,34,3.71,true
ADV-0100,Ibrahim,Ofori,derbyshire-notts,Derbyshire & Nottinghamshire,NG7,13.9,Warehouse/logistics;Disability,Somali;Yoruba,32,4.13,true
ADV-0101,Ashley,Okafor,wales,Wales,NP20,3.1,Hospitality;Tech/digital,Welsh,50,4.75,true
ADV-0102,Tia,Mahmood,derbyshire-notts,Derbyshire & Nottinghamshire,NG7,4.1,Construction;Refugee,Punjabi;Tigrinya;Somali,72,4.01,true
ADV-0103,Olu,Akin,north-london,North & West London,UB1,11.3,Warehouse/logistics;Tech/digital;Disability,Welsh;Urdu,48,4.21,true
ADV-0104,Dylan,Singh,south-yorkshire,South & West Yorkshire,WF1,10.3,Health/care;Tech/digital,Tigrinya;Punjabi;Romanian,70,4.85,true
ADV-0105,Bibi,Roberts,wales,Wales,LL57,5.3,Warehouse/logistics;Older workers,Urdu;English,55,3.62,true
ADV-0106,Aisha,Brown,north-london,North & West London,HA9,11.1,Tech/digital;Mental health;Warehouse/logistics,Somali,68,4.48,true
ADV-0107,Aiden,Khan,south-east-london,South & East London,SE15,4.8,Warehouse/logistics;Returners;Tech/digital,Punjabi;Polish;Welsh,59,3.92,true
ADV-0108,Halima,Okafor,south-east-london,South & East London,E2,2.5,Hospitality;Older workers;Returners,Yoruba,71,3.86,true
ADV-0109,Olu,Evans,wales,Wales,LL11,10.2,Refugee;Returners,Welsh,66,4.11,true
ADV-0110,Kelly,Taylor,derbyshire-notts,Derbyshire & Nottinghamshire,NG18,7.7,Tech/digital;Disability;Returners,Bengali,70,4.18,true
ADV-0111,Aaron,Iwobi,wales,Wales,CF10,14.2,Disability;Older workers,Bengali;Punjabi;English,42,3.64,true
ADV-0112,Daniel,Carter,derbyshire-notts,Derbyshire & Nottinghamshire,S40,10.1,Health/care;Mental health;Older workers,Punjabi,52,3.66,true
ADV-0113,Halima,Taylor,north-london,North & West London,NW3,3.7,Hospitality;Refugee,Tigrinya;Urdu,42,4.25,true
ADV-0114,Sade,Khan,south-east-london,South & East London,E2,12.5,Mental health;Warehouse/logistics;Disability,Yoruba;Romanian,43,3.66,true
ADV-0115,Sade,Adekoya,south-east-london,South & East London,E15,10.3,Returners;Disability;Refugee,Punjabi,59,4.49,true
ADV-0116,Tyrese,Mahmood,north-london,North & West London,N1,10.4,Health/care;Hospitality;Older workers,Welsh,32,4.54,true
ADV-0117,Tom,Ofori,south-east-london,South & East London,SE10,13.7,Returners;Health/care;Tech/digital,Yoruba,34,4.56,true
ADV-0118,Maria,Roberts,south-yorkshire,South & West Yorkshire,DN1,5.6,Construction;Tech/digital;Refugee,Yoruba,71,4.14,true
ADV-0119,Demi,Roberts,south-east-london,South & East London,SE15,4.4,Hospitality;Refugee,Romanian,74,4.54,true
ADV-0120,Kwame,Knight,wales,Wales,LL11,4.3,Refugee;Returners,Welsh,46,4.05,true
ADV-0121,Joshua,Hussain,derbyshire-notts,Derbyshire & Nottinghamshire,DE1,9.6,Tech/digital;Hospitality,Somali,74,4.11,true
ADV-0122,Daniel,Davies,north-london,North & West London,NW1,3.1,Mental health;Warehouse/logistics;Hospitality,Yoruba,32,3.92,true
ADV-0123,Aiden,Carter,south-east-london,South & East London,SE10,9.6,Tech/digital;Older workers;Construction,Welsh,34,3.92,true
ADV-0124,Yusuf,Lewis,north-london,North & West London,NW3,6.7,Health/care;Returners;Older workers,Punjabi,57,4.01,true
ADV-0125,Femi,O'Connor,south-yorkshire,South & West Yorkshire,DN1,5.4,Hospitality;Refugee;Tech/digital,Polish;Tigrinya;Bengali,40,4.14,true
ADV-0126,Ibrahim,Iwobi,north-london,North & West London,UB1,4.2,Mental health;Hospitality,Polish;Somali;Welsh,48,4.78,true
ADV-0127,Folake,Walker,south-east-london,South & East London,E13,8.2,Older workers;Construction,Welsh;Somali;Urdu,42,4.06,true
ADV-0128,Aiden,Jones,derbyshire-notts,Derbyshire & Nottinghamshire,S40,5.5,Disability;Tech/digital;Returners,Welsh,61,4.05,true
ADV-0129,Yvonne,Jones,south-yorkshire,South & West Yorkshire,S60,10.3,Construction;Mental health,Welsh;Punjabi;Yoruba,63,4.01,true
ADV-0130,Connor,Khan,south-east-london,South & East London,SE15,7.6,Construction;Warehouse/logistics,Yoruba,74,4.55,true
ADV-0131,Ruth,Akin,south-yorkshire,South & West Yorkshire,S1,10.2,Tech/digital;Hospitality;Health/care,Tigrinya;Bengali;Yoruba,40,4.27,true
ADV-0132,Marcus,Begum,derbyshire-notts,Derbyshire & Nottinghamshire,DE22,9.4,Hospitality;Warehouse/logistics;Disability,Tigrinya,63,4.08,true
ADV-0133,Demi,Bailey,south-yorkshire,South & West Yorkshire,S6,8.7,Refugee;Tech/digital;Construction,Somali;Tigrinya,74,3.79,true
ADV-0134,Liam,O'Connor,derbyshire-notts,Derbyshire & Nottinghamshire,S40,7.1,Hospitality;Tech/digital,English;Somali,50,4.65,true
ADV-0135,Lola,Okafor,south-east-london,South & East London,E6,5.1,Tech/digital;Disability,Punjabi,32,3.92,true
ADV-0136,Bilal,Hollis,wales,Wales,NP20,14.9,Older workers;Returners,Welsh,64,3.81,true
ADV-0137,Femi,Brown,derbyshire-notts,Derbyshire & Nottinghamshire,NG7,6.4,Older workers;Warehouse/logistics;Mental health,Welsh,74,4.05,true
ADV-0138,Daniel,Hollis,south-yorkshire,South & West Yorkshire,DN1,5.8,Refugee;Mental health,Punjabi,57,4.68,true
ADV-0139,Yvonne,Akin,north-london,North & West London,NW1,6.8,Mental health;Tech/digital;Health/care,Punjabi,46,4.11,true
ADV-0140,Kwame,Jones,wales,Wales,SA1,8.9,Construction;Returners;Health/care,Punjabi;English;Yoruba,55,4.49,true
ADV-0141,Folake,Brown,north-london,North & West London,N1,8.1,Refugee;Warehouse/logistics;Tech/digital,Urdu;Yoruba,45,4.27,true
ADV-0142,Leah,Carter,south-yorkshire,South & West Yorkshire,DN1,3.5,Health/care;Construction,Bengali;Somali;Tigrinya,44,4.48,true
ADV-0143,Tamika,Mensah,south-east-london,South & East London,SE15,6.7,Warehouse/logistics;Returners,Polish,55,4.67,true
ADV-0144,Kwame,Jones,south-east-london,South & East London,E6,8.3,Tech/digital;Construction,Polish;Somali,71,4.23,true
ADV-0145,Mohammed,Iwobi,south-east-london,South & East London,SE15,13.9,Tech/digital;Warehouse/logistics;Hospitality,Polish,73,4.29,true
ADV-0146,Connor,Roberts,south-east-london,South & East London,E20,14.1,Construction;Returners,Yoruba;Somali;Urdu,39,4.86,true
ADV-0147,Aaron,Akin,south-east-london,South & East London,E3,16.1,Returners;Refugee,Punjabi,59,4.29,true
ADV-0148,Tia,Bailey,south-yorkshire,South & West Yorkshire,S1,7.9,Warehouse/logistics;Tech/digital,Polish,46,3.95,true
ADV-0149,Folake,Khan,south-yorkshire,South & West Yorkshire,S1,4.8,Refugee;Hospitality;Health/care,English,55,3.79,true
ADV-0150,Lola,Walker,south-yorkshire,South & West Yorkshire,DN1,6.7,Returners;Construction;Mental health,Urdu;Yoruba,55,4.64,true
ADV-0151,Ibrahim,Ahmed,south-yorkshire,South & West Yorkshire,DN1,5.5,Warehouse/logistics;Refugee;Disability,Tigrinya;Urdu,61,4.74,true
ADV-0152,Daniel,Mensah,derbyshire-notts,Derbyshire & Nottinghamshire,NG1,4.6,Returners;Warehouse/logistics,Welsh;Tigrinya;Yoruba,46,4.31,true
ADV-0153,Aiden,Iwobi,wales,Wales,CF10,5.7,Health/care;Tech/digital;Warehouse/logistics,Welsh,39,4.07,true
ADV-0154,Ruth,Williams,north-london,North & West London,HA9,6.9,Disability;Health/care;Refugee,Urdu;English,72,4.21,true
ADV-0155,Yusuf,Begum,wales,Wales,SA1,6.2,Older workers;Hospitality;Tech/digital,Punjabi;Polish;Romanian,40,4.68,true
ADV-0156,Yvonne,Patel,north-london,North & West London,NW1,5.0,Construction;Warehouse/logistics,Bengali,66,3.98,true
ADV-0157,Faye,Singh,wales,Wales,LL57,10.3,Returners;Tech/digital;Health/care,Polish;Romanian;Tigrinya,78,4.05,true
ADV-0158,Priya,Ofori,derbyshire-notts,Derbyshire & Nottinghamshire,DE22,7.6,Warehouse/logistics;Hospitality;Construction,Polish,76,4.29,true
ADV-0159,Halima,Ofori,south-yorkshire,South & West Yorkshire,S60,8.0,Refugee;Construction,Yoruba;Romanian;Urdu,42,4.25,true
ADV-0160,Sade,Jones,south-east-london,South & East London,E20,15.1,Mental health;Warehouse/logistics,Somali;English;Welsh,72,4.53,true
ADV-0161,Theo,Okafor,wales,Wales,SA1,10.3,Hospitality;Refugee;Construction,Welsh,53,3.65,true
ADV-0162,Jamal,Mahmood,derbyshire-notts,Derbyshire & Nottinghamshire,NG18,13.9,Warehouse/logistics;Mental health;Disability,Romanian;Bengali;English,66,3.87,true
ADV-0163,Sade,Evans,north-london,North & West London,NW10,8.2,Older workers;Returners;Mental health,Welsh,65,4.89,true
ADV-0164,Theo,Hollis,south-east-london,South & East London,SE10,2.4,Hospitality;Tech/digital;Mental health,Bengali,66,4.5,true
ADV-0165,Aaron,Adekoya,north-london,North & West London,NW1,13.9,Returners;Health/care,Urdu,78,4.75,true
ADV-0166,Lola,Knight,wales,Wales,NP19,7.5,Returners;Disability;Tech/digital,Tigrinya,53,4.37,true
ADV-0167,Leah,Mahmood,wales,Wales,NP20,1.3,Construction;Disability;Tech/digital,Somali,50,3.87,true
ADV-0168,Callum,Okafor,north-london,North & West London,NW10,7.2,Hospitality;Mental health;Returners,Urdu,47,4.5,true
ADV-0169,Marcus,Brown,south-east-london,South & East London,E20,15.3,Returners;Disability;Mental health,Romanian;Welsh,51,4.67,true
ADV-0170,Dylan,Akin,derbyshire-notts,Derbyshire & Nottinghamshire,NG1,8.4,Returners;Disability,English,68,4.05,true
ADV-0171,Yusuf,Singh,south-yorkshire,South & West Yorkshire,WF1,8.2,Returners;Disability;Health/care,Polish;Bengali,37,4.13,true
ADV-0172,Yusuf,Jones,south-yorkshire,South & West Yorkshire,S6,6.7,Older workers;Refugee,Urdu,64,4.77,true
ADV-0173,Jamal,Carter,wales,Wales,NP20,3.4,Older workers;Health/care;Warehouse/logistics,Romanian;Bengali;Punjabi,43,4.39,true
ADV-0174,Tamika,Roberts,south-yorkshire,South & West Yorkshire,S6,11.2,Mental health;Construction;Warehouse/logistics,Polish,77,4.32,true
ADV-0175,Callum,Hussain,south-yorkshire,South & West Yorkshire,DN4,3.7,Construction;Warehouse/logistics,Welsh,66,4.27,true
ADV-0176,Mohammed,Akin,south-east-london,South & East London,E3,4.5,Hospitality;Health/care;Tech/digital,Yoruba;English;Polish,38,4.11,true
ADV-0177,Sophie,Knight,wales,Wales,SA1,4.3,Disability;Tech/digital,Romanian,73,4.54,true
ADV-0178,Theo,Lewis,south-yorkshire,South & West Yorkshire,S1,5.9,Returners;Mental health;Construction,Welsh;Romanian,67,3.91,true
ADV-0179,Joshua,Mensah,south-yorkshire,South & West Yorkshire,S1,9.4,Hospitality;Older workers;Health/care,Yoruba,78,4.2,true
ADV-0180,Megan,Mensah,north-london,North & West London,NW10,7.7,Disability;Warehouse/logistics;Mental health,Bengali;Yoruba;English,70,4.33,true
ADV-0181,Yvonne,Murphy,south-east-london,South & East London,E2,12.9,Returners;Hospitality,Welsh,49,3.99,true
ADV-0182,Liam,Hollis,south-east-london,South & East London,E20,11.6,Older workers;Hospitality,Bengali;Yoruba,34,4.55,true
ADV-0183,Ryan,Iwobi,wales,Wales,SA1,9.3,Returners;Disability,Bengali;Urdu;Romanian,51,4.52,true
ADV-0184,Junior,Okafor,north-london,North & West London,NW10,3.7,Mental health;Hospitality;Older workers,Romanian,64,4.24,true
ADV-0185,Demi,Davies,south-east-london,South & East London,E20,7.0,Construction;Tech/digital;Mental health,Punjabi;Yoruba;Somali,78,4.71,true
ADV-0186,Connor,Roberts,south-yorkshire,South & West Yorkshire,LS9,10.1,Hospitality;Mental health,Bengali,38,3.9,true
ADV-0187,Ashley,Williams,south-yorkshire,South & West Yorkshire,DN1,13.5,Tech/digital;Hospitality;Older workers,Polish;Punjabi;Tigrinya,50,4.69,true
ADV-0188,Bilal,Knight,south-east-london,South & East London,E6,6.5,Hospitality;Returners,Yoruba;Tigrinya,51,3.6,true
ADV-0189,Femi,Singh,south-yorkshire,South & West Yorkshire,DN4,6.5,Disability;Warehouse/logistics,Bengali;Yoruba,69,4.0,true
ADV-0190,Dylan,Carter,wales,Wales,LL57,3.0,Mental health;Construction,Tigrinya;Yoruba,56,4.36,true
ADV-0191,Theo,Brown,north-london,North & West London,NW10,15.4,Construction;Mental health;Older workers,Urdu,64,4.58,true
ADV-0192,Reece,Iwobi,south-east-london,South & East London,SE15,3.8,Construction;Refugee,Welsh;Bengali;Yoruba,44,4.32,true
ADV-0193,Damian,Walker,north-london,North & West London,NW10,6.4,Tech/digital;Construction;Returners,Tigrinya,70,4.62,true
ADV-0194,Halima,Davies,south-east-london,South & East London,SE15,3.8,Tech/digital;Older workers;Mental health,Polish;Punjabi;English,58,4.69,true
ADV-0195,Tia,Ahmed,south-east-london,South & East London,SE15,3.9,Health/care;Refugee;Mental health,Punjabi,55,4.63,true
ADV-0196,Priya,Knight,south-yorkshire,South & West Yorkshire,S60,13.8,Older workers;Warehouse/logistics,Urdu,49,4.5,true
ADV-0197,Maria,Mahmood,south-east-london,South & East London,E15,6.7,Tech/digital;Older workers,Tigrinya;English,37,4.12,true
ADV-0198,Sean,Ofori,south-east-london,South & East London,SE10,9.4,Warehouse/logistics;Health/care;Hospitality,Punjabi,58,4.48,true
ADV-0199,Olu,Ofori,wales,Wales,CF10,11.1,Health/care;Warehouse/logistics;Refugee,Punjabi;Welsh;Romanian,51,4.41,true
ADV-0200,Aisha,Patel,south-east-london,South & East London,SE15,10.0,Disability;Returners,Somali;Tigrinya,77,4.07,true
ADV-0201,Junior,Patel,derbyshire-notts,Derbyshire & Nottinghamshire,S40,14.7,Hospitality;Health/care,Punjabi;Bengali,52,4.47,true
ADV-0202,Ibrahim,Williams,south-east-london,South & East London,SE1,14.6,Tech/digital;Health/care;Returners,English,76,4.32,true
ADV-0203,Callum,Hussain,derbyshire-notts,Derbyshire & Nottinghamshire,NG1,9.5,Returners;Mental health;Warehouse/logistics,English,64,4.48,true
ADV-0204,Priya,Ofori,north-london,North & West London,HA9,4.2,Refugee;Hospitality;Returners,Yoruba;English,50,4.61,true
ADV-0205,Callum,Okafor,south-east-london,South & East London,E6,7.8,Older workers;Construction;Health/care,English;Romanian;Polish,36,3.69,true
ADV-0206,Maria,Roberts,south-east-london,South & East London,SE1,9.2,Health/care;Disability;Older workers,Romanian,40,4.1,true
ADV-0207,Junior,Mahmood,south-east-london,South & East London,E13,11.1,Tech/digital;Older workers;Warehouse/logistics,Romanian;Tigrinya;Polish,72,4.54,true
ADV-0208,Callum,Davies,wales,Wales,NP20,2.2,Health/care;Disability,English,54,3.63,true
ADV-0209,Sade,Ofori,wales,Wales,LL57,9.4,Hospitality;Older workers;Warehouse/logistics,Bengali;Polish,46,4.5,true
ADV-0210,Sophie,Ahmed,south-east-london,South & East London,SE15,3.5,Tech/digital;Health/care,Romanian,55,4.27,true
ADV-0211,Damian,Hussain,south-east-london,South & East London,E13,11.8,Refugee;Tech/digital;Older workers,Polish;Punjabi,50,4.4,true
ADV-0212,Aiden,Jones,north-london,North & West London,NW3,5.9,Mental health;Refugee,Tigrinya;Romanian;Urdu,57,4.36,true
ADV-0213,Ryan,Ali,derbyshire-notts,Derbyshire & Nottinghamshire,NG18,4.4,Mental health;Disability;Construction,Polish;Romanian;Bengali,46,4.48,true
ADV-0214,Theo,Mahmood,derbyshire-notts,Derbyshire & Nottinghamshire,NG1,5.1,Older workers;Disability,Bengali,75,3.61,true
ADV-0215,Aiden,Hussain,north-london,North & West London,UB1,6.7,Older workers;Disability;Construction,Somali;Punjabi;Polish,45,4.08,true
ADV-0216,Joel,Patel,north-london,North & West London,NW3,3.1,Refugee;Hospitality,English;Polish;Urdu,65,4.63,true
ADV-0217,Lola,O'Connor,south-yorkshire,South & West Yorkshire,DN1,16.3,Warehouse/logistics;Older workers,Tigrinya;Punjabi,65,4.28,true
ADV-0218,Yvonne,Khan,south-yorkshire,South & West Yorkshire,WF1,2.3,Health/care;Tech/digital;Disability,Bengali;Urdu,46,4.51,true
ADV-0219,Jamal,Okafor,south-yorkshire,South & West Yorkshire,S10,13.7,Warehouse/logistics;Hospitality,Somali,66,4.55,true
ADV-0220,Kwame,Patel,south-yorkshire,South & West Yorkshire,DN4,6.0,Disability;Refugee;Warehouse/logistics,Urdu;Welsh,63,4.69,true
ADV-0221,Tamika,Hollis,south-east-london,South & East London,SE15,10.3,Construction;Health/care,Polish;Punjabi,59,3.86,true
ADV-0222,Aisha,Knight,derbyshire-notts,Derbyshire & Nottinghamshire,DE1,11.2,Mental health;Warehouse/logistics,Somali;Romanian;Bengali,35,4.6,true
ADV-0223,Joy,Mensah,south-east-london,South & East London,E3,7.6,Mental health;Returners;Disability,English;Punjabi,43,3.99,true
ADV-0224,Amina,Hollis,south-east-london,South & East London,E3,7.0,Older workers;Tech/digital;Construction,English;Punjabi;Polish,62,4.38,true
ADV-0225,Ryan,Akin,wales,Wales,SA1,6.4,Returners;Health/care;Warehouse/logistics,Tigrinya,33,4.74,true
ADV-0226,Ibrahim,Akin,derbyshire-notts,Derbyshire & Nottinghamshire,S40,13.2,Health/care;Returners;Warehouse/logistics,Polish;Punjabi,54,4.16,true
ADV-0227,Olu,Begum,wales,Wales,SA1,4.4,Mental health;Disability;Refugee,Yoruba;Tigrinya;Romanian,58,4.26,true
ADV-0228,Mohammed,Evans,south-east-london,South & East London,E20,4.5,Construction;Older workers;Returners,Somali,33,4.11,true
ADV-0229,Maria,Evans,derbyshire-notts,Derbyshire & Nottinghamshire,S81,6.9,Construction;Mental health,Tigrinya,33,3.95,true
ADV-0230,Theo,Walker,derbyshire-notts,Derbyshire & Nottinghamshire,S40,3.9,Returners;Warehouse/logistics;Disability,Bengali,60,4.75,true
ADV-0231,Joel,Murphy,derbyshire-notts,Derbyshire & Nottinghamshire,S81,10.1,Construction;Hospitality,Punjabi;Welsh;Bengali,66,4.14,true
ADV-0232,Demi,Mensah,south-east-london,South & East London,E20,5.8,Disability;Older workers,Somali,35,3.71,true
ADV-0233,Naomi,Ofori,south-east-london,South & East London,E2,9.1,Hospitality;Health/care,Welsh,40,4.37,true
ADV-0234,Sade,Iwobi,north-london,North & West London,HA1,11.9,Health/care;Construction,Romanian,67,4.37,true
ADV-0235,Kelly,Jones,wales,Wales,CF10,10.1,Warehouse/logistics;Health/care,Somali,69,4.06,true
ADV-0236,Yvonne,Mahmood,south-east-london,South & East London,SE1,2.8,Health/care;Disability,Urdu;Yoruba;Punjabi,38,4.88,true
ADV-0237,Aiden,Iwobi,south-east-london,South & East London,E20,7.6,Warehouse/logistics;Older workers;Tech/digital,Yoruba;Bengali;Welsh,76,3.69,true
ADV-0238,Aisha,Begum,wales,Wales,LL57,4.6,Warehouse/logistics;Disability;Older workers,Punjabi;Bengali,61,4.06,true
ADV-0239,Callum,Iwobi,derbyshire-notts,Derbyshire & Nottinghamshire,NG18,10.6,Returners;Warehouse/logistics,Romanian,51,4.71,true
ADV-0240,Priya,Hussain,wales,Wales,CF10,10.7,Hospitality;Tech/digital,Somali,44,4.35,true
ADV-0241,Demi,Adekoya,south-yorkshire,South & West Yorkshire,DN4,9.6,Older workers;Hospitality;Refugee,Romanian,44,3.6,true
ADV-0242,Kwame,Murphy,south-yorkshire,South & West Yorkshire,S6,7.2,Construction;Disability,Urdu;Bengali;Yoruba,57,4.49,true
ADV-0243,Nasir,Ali,north-london,North & West London,N1,8.1,Health/care;Warehouse/logistics;Disability,Somali,60,4.02,true
ADV-0244,Damian,Singh,wales,Wales,LL57,13.2,Mental health;Disability,Yoruba,32,3.55,true
ADV-0245,Olu,Begum,south-yorkshire,South & West Yorkshire,LS9,3.6,Health/care;Warehouse/logistics;Hospitality,Polish;Yoruba;Urdu,77,4.53,true
ADV-0246,Mohammed,Iwobi,south-east-london,South & East London,E6,6.8,Tech/digital;Older workers,Somali,34,4.07,true
ADV-0247,Kwame,Iwobi,south-yorkshire,South & West Yorkshire,S10,5.4,Returners;Construction,Romanian,68,4.71,true
